time,vlos,error
9.183673469387756,71.04969137058647,3.0
18.367346938775512,74.70186921290974,3.0
101.02040816326532,40.01775375135872,3.0
156.12244897959187,71.02687093578042,3.0
165.3061224489796,70.25608664323815,3.0
312.24489795918373,74.95225991506781,3.0
321.42857142857144,67.96640023362092,3.0
339.795918367347,42.36842069420079,3.0
376.530612244898,34.570931877021394,3.0
404.08163265306126,38.190699138816214,3.0
